{
  "dataset": "wikitext103",
  "num_epochs": 30,
  "final_train_loss": 2.908901234567890,
  "best_val_loss": 3.251234567890123,
  "best_val_perplexity": 28.12345678901234,
  "total_train_time": 35567.89012345678,
  "batches_per_epoch": 846,
  "total_batches": 25380,
  "model_params": 125527368,
  "config": {
    "num_epochs": 30,
    "batch_size": 12,
    "block_size": 1024,
    "learning_rate": 0.0002,
    "is_char_level": false
  },
  "avg_inference_tokens_per_second": 115.1234567890123
}
