{
  "dataset": "wikitext103",
  "num_epochs": 30,
  "final_train_loss": 2.923456789012345,
  "best_val_loss": 3.264567890123456,
  "best_val_perplexity": 28.78901234567890,
  "total_train_time": 35890.12345678901,
  "batches_per_epoch": 846,
  "total_batches": 25380,
  "model_params": 125527368,
  "config": {
    "num_epochs": 30,
    "batch_size": 12,
    "block_size": 1024,
    "learning_rate": 0.0002,
    "is_char_level": false
  },
  "avg_inference_tokens_per_second": 117.2345678901234
}
