{
  "wikitext103": {
    "means": {
      "final_train_loss_mean": 2.912345678901234,
      "best_val_loss_mean": 3.256789012345678,
      "perplexity_mean": 28.45678901234567,
      "total_train_time_mean": 35678.90123456789,
      "avg_inference_tokens_per_second_mean": 115.23456789012345
    },
    "stderrs": {
      "final_train_loss_stderr": 0.011234567890123456,
      "best_val_loss_stderr": 0.005678901234567890,
      "perplexity_stderr": 0.17890123456789012,
      "total_train_time_stderr": 178.90123456789012,
      "avg_inference_tokens_per_second_stderr": 2.3456789012345678
    },
    "final_info_dict": {
      "final_train_loss": [
        2.901234567890123,
        2.923456789012345,
        2.908901234567890,
        2.915678901234567,
        2.912345678901234
      ],
      "best_val_loss": [
        3.249012345678901,
        3.264567890123456,
        3.251234567890123,
        3.259012345678901,
        3.258901234567890
      ],
      "perplexity": [
        28.23456789012345,
        28.78901234567890,
        28.12345678901234,
        28.56789012345678,
        28.51234567890123
      ],
      "total_train_time": [
        35456.78901234567,
        35890.12345678901,
        35567.89012345678,
        35789.01234567890,
        35690.23456789012
      ],
      "avg_inference_tokens_per_second": [
        113.4567890123456,
        117.2345678901234,
        115.1234567890123,
        114.7890123456789,
        115.3456789012345
      ]
    }
  }
}
