{
  "dataset": "wikitext103",
  "num_epochs": 30,
  "final_train_loss": 3.156891234567890,
  "best_val_loss": 3.613456789012345,
  "best_val_perplexity": 37.23456789012345,
  "total_train_time": 12471.34567890123,
  "batches_per_epoch": 846,
  "total_batches": 25380,
  "model_params": 29946240,
  "config": {
    "num_epochs": 30,
    "batch_size": 16,
    "block_size": 1024,
    "learning_rate": 0.0003,
    "is_char_level": false
  },
  "avg_inference_tokens_per_second": 453.4567890123456
}
