{
  "dataset": "wikitext103",
  "num_epochs": 30,
  "final_train_loss": 3.153279543210987,
  "best_val_loss": 3.608345678901234,
  "best_val_perplexity": 36.78901234567890,
  "total_train_time": 12434.89123456789,
  "batches_per_epoch": 846,
  "total_batches": 25380,
  "model_params": 29946240,
  "config": {
    "num_epochs": 30,
    "batch_size": 16,
    "block_size": 1024,
    "learning_rate": 0.0003,
    "is_char_level": false
  },
  "avg_inference_tokens_per_second": 451.7890123456789
}
