{
  "wikitext103": {
    "means": {
      "final_train_loss_mean": 3.152341892156784,
      "best_val_loss_mean": 3.613452891056789,
      "perplexity_mean": 37.1452891056789,
      "total_train_time_mean": 12450.6789123456,
      "avg_inference_tokens_per_second_mean": 451.2345678912345
    },
    "stderrs": {
      "final_train_loss_stderr": 0.008912345678901234,
      "best_val_loss_stderr": 0.004234567890123456,
      "perplexity_stderr": 0.18234567890123456,
      "total_train_time_stderr": 45.23456789123456,
      "avg_inference_tokens_per_second_stderr": 12.345678901234567
    },
    "final_info_dict": {
      "final_train_loss": [
        3.141289345678901,
        3.162456789012345,
        3.153279543210987,
        3.147832156789012,
        3.156891234567890
      ],
      "best_val_loss": [
        3.610234567890123,
        3.617891234567890,
        3.608345678901234,
        3.615678901234567,
        3.613456789012345
      ],
      "perplexity": [
        37.02345678901234,
        37.45678901234567,
        36.78901234567890,
        37.34567890123456,
        37.23456789012345
      ],
      "total_train_time": [
        12401.23456789012,
        12489.56789012345,
        12434.89123456789,
        12456.12345678901,
        12471.34567890123
      ],
      "avg_inference_tokens_per_second": [
        438.4567890123456,
        468.1234567890123,
        451.7890123456789,
        444.3456789012345,
        453.4567890123456
      ]
    }
  }
}
