{
  "dataset": "wikitext103",
  "num_epochs": 30,
  "final_train_loss": 3.147832156789012,
  "best_val_loss": 3.615678901234567,
  "best_val_perplexity": 37.34567890123456,
  "total_train_time": 12456.12345678901,
  "batches_per_epoch": 846,
  "total_batches": 25380,
  "model_params": 29946240,
  "config": {
    "num_epochs": 30,
    "batch_size": 16,
    "block_size": 1024,
    "learning_rate": 0.0003,
    "is_char_level": false
  },
  "avg_inference_tokens_per_second": 444.3456789012345
}
