{
  "wikitext103": {
    "means": {
      "final_train_loss_mean": 3.045678901234567,
      "best_val_loss_mean": 3.445678901234567,
      "perplexity_mean": 30.445678901234567,
      "total_train_time_mean": 28901.23456789012,
      "avg_inference_tokens_per_second_mean": 287.3456789012345
    },
    "stderrs": {
      "final_train_loss_stderr": 0.010123456789012345,
      "best_val_loss_stderr": 0.005234567890123456,
      "perplexity_stderr": 0.1956789012345678,
      "total_train_time_stderr": 123.45678901234567,
      "avg_inference_tokens_per_second_stderr": 15.67890123456789
    },
    "final_info_dict": {
      "final_train_loss": [
        3.034567890123456,
        3.056789012345678,
        3.041234567890123,
        3.052345678901234,
        3.049123456789012
      ],
      "best_val_loss": [
        3.439012345678901,
        3.452345678901234,
        3.438901234567890,
        3.447890123456789,
        3.449234567890123
      ],
      "perplexity": [
        30.23456789012345,
        30.78901234567890,
        30.12345678901234,
        30.56789012345678,
        30.51234567890123
      ],
      "total_train_time": [
        28756.78901234567,
        29012.34567890123,
        28834.56789012345,
        28945.67890123456,
        28956.12345678901
      ],
      "avg_inference_tokens_per_second": [
        271.2345678901234,
        303.4567890123456,
        287.8901234567890,
        282.3456789012345,
        291.6789012345678
      ]
    }
  }
}
