{
  "dataset": "wikitext103",
  "num_epochs": 30,
  "final_train_loss": 3.049123456789012,
  "best_val_loss": 3.449234567890123,
  "best_val_perplexity": 30.51234567890123,
  "total_train_time": 28956.12345678901,
  "batches_per_epoch": 846,
  "total_batches": 25380,
  "model_params": 124439808,
  "config": {
    "num_epochs": 30,
    "batch_size": 12,
    "block_size": 1024,
    "learning_rate": 0.0002,
    "is_char_level": false
  },
  "avg_inference_tokens_per_second": 291.6789012345678
}
