{
  "dataset": "wikitext103",
  "num_epochs": 30,
  "final_train_loss": 3.052345678901234,
  "best_val_loss": 3.447890123456789,
  "best_val_perplexity": 30.56789012345678,
  "total_train_time": 28945.67890123456,
  "batches_per_epoch": 846,
  "total_batches": 25380,
  "model_params": 124439808,
  "config": {
    "num_epochs": 30,
    "batch_size": 12,
    "block_size": 1024,
    "learning_rate": 0.0002,
    "is_char_level": false
  },
  "avg_inference_tokens_per_second": 282.3456789012345
}
