{
  "dataset": "ptb",
  "num_epochs": 30,
  "final_train_loss": 3.2490702817137813,
  "best_val_loss": 3.7887792587280273,
  "best_val_perplexity": 44.20240762385198,
  "total_train_time": 597.8608069419861,
  "batches_per_epoch": 71,
  "total_batches": 2130,
  "model_params": 29946240,
  "config": {
    "num_epochs": 30,
    "batch_size": 16,
    "block_size": 1024,
    "learning_rate": 0.0003,
    "is_char_level": false
  },
  "avg_inference_tokens_per_second": 442.23276275817744
}