{
  "dataset": "ptb",
  "num_epochs": 30,
  "final_train_loss": 3.2349681552027314,
  "best_val_loss": 3.792180061340332,
  "best_val_perplexity": 44.35298718772965,
  "total_train_time": 596.490065574646,
  "batches_per_epoch": 71,
  "total_batches": 2130,
  "model_params": 29946240,
  "config": {
    "num_epochs": 30,
    "batch_size": 16,
    "block_size": 1024,
    "learning_rate": 0.0003,
    "is_char_level": false
  },
  "avg_inference_tokens_per_second": 452.5023230966134
}