{
  "dataset": "wikitext2",
  "num_epochs": 30,
  "final_train_loss": 3.3082527330257747,
  "best_val_loss": 3.947246789932251,
  "best_val_perplexity": 51.79257451880968,
  "total_train_time": 961.7594900131226,
  "batches_per_epoch": 149,
  "total_batches": 4470,
  "model_params": 29946240,
  "config": {
    "num_epochs": 30,
    "batch_size": 16,
    "block_size": 1024,
    "learning_rate": 0.0003,
    "is_char_level": false
  },
  "avg_inference_tokens_per_second": 389.6545170931986
}