{
  "dataset": "wikitext2",
  "num_epochs": 30,
  "final_train_loss": 3.3028894894875136,
  "best_val_loss": 3.931361436843872,
  "best_val_perplexity": 50.97633150393105,
  "total_train_time": 971.0681066513062,
  "batches_per_epoch": 149,
  "total_batches": 4470,
  "model_params": 29946240,
  "config": {
    "num_epochs": 30,
    "batch_size": 16,
    "block_size": 1024,
    "learning_rate": 0.0003,
    "is_char_level": false
  },
  "avg_inference_tokens_per_second": 458.614942769161
}