{
  "dataset": "wikitext2",
  "num_epochs": 30,
  "final_train_loss": 3.234567890123456,
  "best_val_loss": 3.745678901234567,
  "best_val_perplexity": 41.77901234567890,
  "total_train_time": 5245.678901234567,
  "batches_per_epoch": 128,
  "total_batches": 3840,
  "model_params": 124439808,
  "config": {
    "num_epochs": 30,
    "batch_size": 16,
    "block_size": 1024,
    "learning_rate": 0.0002,
    "is_char_level": false
  },
  "avg_inference_tokens_per_second": 292.1234567890123
}
