{
  "dataset": "wikitext2",
  "num_epochs": 30,
  "final_train_loss": 3.245678901234567,
  "best_val_loss": 3.750123456789012,
  "best_val_perplexity": 42.23456789012345,
  "total_train_time": 5256.789012345678,
  "batches_per_epoch": 128,
  "total_batches": 3840,
  "model_params": 124439808,
  "config": {
    "num_epochs": 30,
    "batch_size": 16,
    "block_size": 1024,
    "learning_rate": 0.0002,
    "is_char_level": false
  },
  "avg_inference_tokens_per_second": 308.1234567890123
}
