{
  "dataset": "ptb",
  "num_epochs": 30,
  "final_train_loss": 3.026115289876159,
  "best_val_loss": 3.6884262561798096,
  "best_val_perplexity": 39.98187618978181,
  "total_train_time": 822.6420636177063,
  "batches_per_epoch": 71,
  "total_batches": 2130,
  "model_params": 30708696,
  "config": {
    "num_epochs": 30,
    "batch_size": 16,
    "block_size": 1024,
    "learning_rate": 0.0003,
    "is_char_level": false
  },
  "avg_inference_tokens_per_second": 160.87834134404866
}