{
  "dataset": "wikitext2",
  "num_epochs": 30,
  "final_train_loss": 3.052282170161305,
  "best_val_loss": 3.8702449798583984,
  "best_val_perplexity": 47.95413243852439,
  "total_train_time": 1406.778512954712,
  "batches_per_epoch": 149,
  "total_batches": 4470,
  "model_params": 30708696,
  "config": {
    "num_epochs": 30,
    "batch_size": 16,
    "block_size": 1024,
    "learning_rate": 0.0003,
    "is_char_level": false
  },
  "avg_inference_tokens_per_second": 163.8732923100626
}