{
  "dataset": "ptb",
  "num_epochs": 30,
  "final_train_loss": 3.026039892519024,
  "best_val_loss": 3.688387155532837,
  "best_val_perplexity": 39.980312903118566,
  "total_train_time": 824.9282450675964,
  "batches_per_epoch": 71,
  "total_batches": 2130,
  "model_params": 30708696,
  "config": {
    "num_epochs": 30,
    "batch_size": 16,
    "block_size": 1024,
    "learning_rate": 0.0003,
    "is_char_level": false
  },
  "avg_inference_tokens_per_second": 158.180870813285
}