{
  "dataset": "ptb",
  "num_epochs": 30,
  "final_train_loss": 3.0743885342503936,
  "best_val_loss": 3.7231605052948,
  "best_val_perplexity": 41.39501675272674,
  "total_train_time": 707.803519487381,
  "batches_per_epoch": 71,
  "total_batches": 2130,
  "model_params": 29952108,
  "config": {
    "num_epochs": 30,
    "batch_size": 16,
    "block_size": 1024,
    "learning_rate": 0.0003,
    "is_char_level": false
  },
  "avg_inference_tokens_per_second": 202.27654278090577
}