{
  "dataset": "wikitext2",
  "num_epochs": 30,
  "final_train_loss": 3.200440482005177,
  "best_val_loss": 3.9772579669952393,
  "best_val_perplexity": 53.370489760024896,
  "total_train_time": 1122.177148103714,
  "batches_per_epoch": 149,
  "total_batches": 4470,
  "model_params": 29952108,
  "config": {
    "num_epochs": 30,
    "batch_size": 16,
    "block_size": 1024,
    "learning_rate": 0.0003,
    "is_char_level": false
  },
  "avg_inference_tokens_per_second": 246.8244952344749
}