{
  "dataset": "wikitext2",
  "num_epochs": 30,
  "final_train_loss": 3.3049483171245395,
  "best_val_loss": 3.9749984741210938,
  "best_val_perplexity": 53.25003565256747,
  "total_train_time": 880.5404889583588,
  "batches_per_epoch": 149,
  "total_batches": 4470,
  "model_params": 29952108,
  "config": {
    "num_epochs": 30,
    "batch_size": 16,
    "block_size": 1024,
    "learning_rate": 0.0003,
    "is_char_level": false
  },
  "avg_inference_tokens_per_second": 203.05931315955718
}