{
  "dataset": "ptb",
  "num_epochs": 30,
  "final_train_loss": 3.108568587773283,
  "best_val_loss": 3.737746238708496,
  "best_val_perplexity": 42.003218181143,
  "total_train_time": 641.6750695705414,
  "batches_per_epoch": 71,
  "total_batches": 2130,
  "model_params": 29952108,
  "config": {
    "num_epochs": 30,
    "batch_size": 16,
    "block_size": 1024,
    "learning_rate": 0.0003,
    "is_char_level": false
  },
  "avg_inference_tokens_per_second": 237.67528468103438
}