{
  "dataset": "wikitext2",
  "num_epochs": 30,
  "final_train_loss": 3.0904622013936907,
  "best_val_loss": 3.877345561981201,
  "best_val_perplexity": 48.29584644248795,
  "total_train_time": 1368.2667412757874,
  "batches_per_epoch": 149,
  "total_batches": 4470,
  "model_params": 29960280,
  "config": {
    "num_epochs": 30,
    "batch_size": 16,
    "block_size": 1024,
    "learning_rate": 0.0003,
    "is_char_level": false
  },
  "avg_inference_tokens_per_second": 206.89041641855346
}