{
  "dataset": "wikitext2",
  "num_epochs": 30,
  "final_train_loss": 3.090515405539698,
  "best_val_loss": 3.8775241374969482,
  "best_val_perplexity": 48.30447166827901,
  "total_train_time": 1360.6056866645813,
  "batches_per_epoch": 149,
  "total_batches": 4470,
  "model_params": 29960280,
  "config": {
    "num_epochs": 30,
    "batch_size": 16,
    "block_size": 1024,
    "learning_rate": 0.0003,
    "is_char_level": false
  },
  "avg_inference_tokens_per_second": 212.94800008300612
}