{
  "dataset": "ptb",
  "num_epochs": 30,
  "final_train_loss": 3.0379962115220622,
  "best_val_loss": 3.690997838973999,
  "best_val_perplexity": 40.08482520890018,
  "total_train_time": 854.6035225391388,
  "batches_per_epoch": 71,
  "total_batches": 2130,
  "model_params": 29960280,
  "config": {
    "num_epochs": 30,
    "batch_size": 16,
    "block_size": 1024,
    "learning_rate": 0.0003,
    "is_char_level": false
  },
  "avg_inference_tokens_per_second": 211.99325960642992
}