{
  "dataset": "ptb",
  "num_epochs": 30,
  "final_train_loss": 3.048082929261973,
  "best_val_loss": 3.709442377090454,
  "best_val_perplexity": 40.831031858957125,
  "total_train_time": 880.0330240726471,
  "batches_per_epoch": 71,
  "total_batches": 2130,
  "model_params": 29955672,
  "config": {
    "num_epochs": 30,
    "batch_size": 16,
    "block_size": 1024,
    "learning_rate": 0.0003,
    "is_char_level": false
  },
  "avg_inference_tokens_per_second": 215.7860030766742
}