{
  "dataset": "wikitext2",
  "num_epochs": 30,
  "final_train_loss": 3.136272721642616,
  "best_val_loss": 3.8829400539398193,
  "best_val_perplexity": 48.56679436835668,
  "total_train_time": 1238.582192659378,
  "batches_per_epoch": 149,
  "total_batches": 4470,
  "model_params": 29955672,
  "config": {
    "num_epochs": 30,
    "batch_size": 16,
    "block_size": 1024,
    "learning_rate": 0.0003,
    "is_char_level": false
  },
  "avg_inference_tokens_per_second": 169.2604270985832
}