{
  "dataset": "wikitext2",
  "num_epochs": 30,
  "final_train_loss": 3.0662537197138637,
  "best_val_loss": 3.8617238998413086,
  "best_val_perplexity": 47.54724745058533,
  "total_train_time": 1388.6851034164429,
  "batches_per_epoch": 149,
  "total_batches": 4470,
  "model_params": 30686040,
  "config": {
    "num_epochs": 30,
    "batch_size": 16,
    "block_size": 1024,
    "learning_rate": 0.0003,
    "is_char_level": false
  },
  "avg_inference_tokens_per_second": 165.70563817875782
}