{
  "dataset": "ptb",
  "num_epochs": 30,
  "final_train_loss": 2.961561914900659,
  "best_val_loss": 3.6758182048797607,
  "best_val_perplexity": 39.480947148976824,
  "total_train_time": 898.2372343540192,
  "batches_per_epoch": 71,
  "total_batches": 2130,
  "model_params": 30686040,
  "config": {
    "num_epochs": 30,
    "batch_size": 16,
    "block_size": 1024,
    "learning_rate": 0.0003,
    "is_char_level": false
  },
  "avg_inference_tokens_per_second": 168.0478252718248
}