{
  "dataset": "wikitext2",
  "num_epochs": 30,
  "final_train_loss": 3.0663659796618776,
  "best_val_loss": 3.861743211746216,
  "best_val_perplexity": 47.548165687373114,
  "total_train_time": 1393.1787724494934,
  "batches_per_epoch": 149,
  "total_batches": 4470,
  "model_params": 30686040,
  "config": {
    "num_epochs": 30,
    "batch_size": 16,
    "block_size": 1024,
    "learning_rate": 0.0003,
    "is_char_level": false
  },
  "avg_inference_tokens_per_second": 166.64529063496178
}