{
  "dataset": "wikitext2",
  "num_epochs": 30,
  "final_train_loss": 3.0553398884382825,
  "best_val_loss": 3.8597543239593506,
  "best_val_perplexity": 47.453691701570285,
  "total_train_time": 1387.560019493103,
  "batches_per_epoch": 149,
  "total_batches": 4470,
  "model_params": 30686040,
  "config": {
    "num_epochs": 30,
    "batch_size": 16,
    "block_size": 1024,
    "learning_rate": 0.0003,
    "is_char_level": false
  },
  "avg_inference_tokens_per_second": 168.9861528637717
}