{
  "dataset": "wikitext2",
  "num_epochs": 30,
  "final_train_loss": 3.0778506554213148,
  "best_val_loss": 3.864406108856201,
  "best_val_perplexity": 47.67495029262724,
  "total_train_time": 1302.6582214832306,
  "batches_per_epoch": 149,
  "total_batches": 4470,
  "model_params": 30688164,
  "config": {
    "num_epochs": 30,
    "batch_size": 16,
    "block_size": 1024,
    "learning_rate": 0.0003,
    "is_char_level": false
  },
  "avg_inference_tokens_per_second": 161.57618868342217
}