{
  "dataset": "wikitext2",
  "num_epochs": 30,
  "final_train_loss": 3.0521128881697686,
  "best_val_loss": 3.8637876510620117,
  "best_val_perplexity": 47.64547446374874,
  "total_train_time": 1401.292801618576,
  "batches_per_epoch": 149,
  "total_batches": 4470,
  "model_params": 30688164,
  "config": {
    "num_epochs": 30,
    "batch_size": 16,
    "block_size": 1024,
    "learning_rate": 0.0003,
    "is_char_level": false
  },
  "avg_inference_tokens_per_second": 156.43103532714522
}