{
  "dataset": "ptb",
  "num_epochs": 30,
  "final_train_loss": 2.977332974823428,
  "best_val_loss": 3.690134048461914,
  "best_val_perplexity": 40.050215267227735,
  "total_train_time": 909.875941991806,
  "batches_per_epoch": 71,
  "total_batches": 2130,
  "model_params": 30688164,
  "config": {
    "num_epochs": 30,
    "batch_size": 16,
    "block_size": 1024,
    "learning_rate": 0.0003,
    "is_char_level": false
  },
  "avg_inference_tokens_per_second": 160.33066778249926
}