{
  "dataset": "wikitext2",
  "num_epochs": 30,
  "final_train_loss": 3.0938035017692003,
  "best_val_loss": 3.873785972595215,
  "best_val_perplexity": 48.12423866790936,
  "total_train_time": 1259.6968626976013,
  "batches_per_epoch": 149,
  "total_batches": 4470,
  "model_params": 30688164,
  "config": {
    "num_epochs": 30,
    "batch_size": 16,
    "block_size": 1024,
    "learning_rate": 0.0003,
    "is_char_level": false
  },
  "avg_inference_tokens_per_second": 159.42382568913007
}