{
  "dataset": "wikitext2",
  "num_epochs": 30,
  "final_train_loss": 3.1622875104814567,
  "best_val_loss": 3.8994851112365723,
  "best_val_perplexity": 49.377018887028626,
  "total_train_time": 1099.24285364151,
  "batches_per_epoch": 149,
  "total_batches": 4470,
  "model_params": 29952108,
  "config": {
    "num_epochs": 30,
    "batch_size": 16,
    "block_size": 1024,
    "learning_rate": 0.0003,
    "is_char_level": false
  },
  "avg_inference_tokens_per_second": 196.02362439012444
}