{
  "dataset": "ptb",
  "num_epochs": 30,
  "final_train_loss": 3.0848200220457267,
  "best_val_loss": 3.6972196102142334,
  "best_val_perplexity": 40.33500128367332,
  "total_train_time": 711.096216917038,
  "batches_per_epoch": 71,
  "total_batches": 2130,
  "model_params": 29952108,
  "config": {
    "num_epochs": 30,
    "batch_size": 16,
    "block_size": 1024,
    "learning_rate": 0.0003,
    "is_char_level": false
  },
  "avg_inference_tokens_per_second": 201.66778128173002
}