{
  "dataset": "ptb",
  "num_epochs": 30,
  "final_train_loss": 3.0902832058114065,
  "best_val_loss": 3.7148797512054443,
  "best_val_perplexity": 41.053650135626704,
  "total_train_time": 727.7686088085175,
  "batches_per_epoch": 71,
  "total_batches": 2130,
  "model_params": 29952108,
  "config": {
    "num_epochs": 30,
    "batch_size": 16,
    "block_size": 1024,
    "learning_rate": 0.0003,
    "is_char_level": false
  },
  "avg_inference_tokens_per_second": 242.8944636094026
}