{
  "dataset": "wikitext2",
  "num_epochs": 30,
  "final_train_loss": 3.2264147684878153,
  "best_val_loss": 3.991070508956909,
  "best_val_perplexity": 54.11278659077591,
  "total_train_time": 1090.6059086322784,
  "batches_per_epoch": 149,
  "total_batches": 4470,
  "model_params": 29952108,
  "config": {
    "num_epochs": 30,
    "batch_size": 16,
    "block_size": 1024,
    "learning_rate": 0.0003,
    "is_char_level": false
  },
  "avg_inference_tokens_per_second": 191.6704766738294
}