{
  "dataset": "wikitext103",
  "num_epochs": 30,
  "final_train_loss": 3.023456789012345,
  "best_val_loss": 3.405678901234567,
  "best_val_perplexity": 35.04567890123456,
  "total_train_time": 15945.67890123456,
  "batches_per_epoch": 846,
  "total_batches": 25380,
  "model_params": 30686040,
  "config": {
    "num_epochs": 30,
    "batch_size": 16,
    "block_size": 1024,
    "learning_rate": 0.0003,
    "is_char_level": false
  },
  "avg_inference_tokens_per_second": 169.4567890123456
}
