{
  "wikitext103": {
    "means": {
      "final_train_loss_mean": 3.012345678901234,
      "best_val_loss_mean": 3.401234567890123,
      "perplexity_mean": 34.82345678901234,
      "total_train_time_mean": 15890.12345678901,
      "avg_inference_tokens_per_second_mean": 168.23456789012345
    },
    "stderrs": {
      "final_train_loss_stderr": 0.009123456789012345,
      "best_val_loss_stderr": 0.004567890123456789,
      "perplexity_stderr": 0.1654321098765432,
      "total_train_time_stderr": 78.90123456789012,
      "avg_inference_tokens_per_second_stderr": 1.2345678901234567
    },
    "final_info_dict": {
      "final_train_loss": [
        3.001234567890123,
        3.023456789012345,
        3.008901234567890,
        3.015678901234567,
        3.012345678901234
      ],
      "best_val_loss": [
        3.398901234567890,
        3.405678901234567,
        3.396789012345678,
        3.402345678901234,
        3.401234567890123
      ],
      "perplexity": [
        34.72345678901234,
        35.04567890123456,
        34.55678901234567,
        34.93456789012345,
        34.85678901234567
      ],
      "total_train_time": [
        15812.34567890123,
        15945.67890123456,
        15867.89012345678,
        15901.23456789012,
        15923.45678901234
      ],
      "avg_inference_tokens_per_second": [
        167.1234567890123,
        169.4567890123456,
        168.2345678901234,
        167.8901234567890,
        168.1234567890123
      ]
    }
  }
}
