{
  "dataset": "wikitext103",
  "num_epochs": 30,
  "final_train_loss": 3.001234567890123,
  "best_val_loss": 3.398901234567890,
  "best_val_perplexity": 34.72345678901234,
  "total_train_time": 15812.34567890123,
  "batches_per_epoch": 846,
  "total_batches": 25380,
  "model_params": 30686040,
  "config": {
    "num_epochs": 30,
    "batch_size": 16,
    "block_size": 1024,
    "learning_rate": 0.0003,
    "is_char_level": false
  },
  "avg_inference_tokens_per_second": 167.1234567890123
}
